/*
SQLyog Ultimate v11.24 (32 bit)
MySQL - 5.7.14-log : Database - hunt
*********************************************************************
*/


/*!40101 SET NAMES utf8 */;

/*!40101 SET SQL_MODE = '' */;

/*!40014 SET @OLD_UNIQUE_CHECKS = @@UNIQUE_CHECKS, UNIQUE_CHECKS = 0 */;
/*!40014 SET @OLD_FOREIGN_KEY_CHECKS = @@FOREIGN_KEY_CHECKS, FOREIGN_KEY_CHECKS = 0 */;
/*!40101 SET @OLD_SQL_MODE = @@SQL_MODE, SQL_MODE = 'NO_AUTO_VALUE_ON_ZERO' */;
/*!40111 SET @OLD_SQL_NOTES = @@SQL_NOTES, SQL_NOTES = 0 */;
CREATE DATABASE /*!32312 IF NOT EXISTS */`hunt` /*!40100 DEFAULT CHARACTER SET utf8 */;

USE `hunt`;

/*Data for the table `sys_data_group` */

LOCK TABLES `sys_data_group` WRITE;

UNLOCK TABLES;

/*Data for the table `sys_data_item` */

LOCK TABLES `sys_data_item` WRITE;

UNLOCK TABLES;

/*Data for the table `sys_login_status` */

LOCK TABLES `sys_login_status` WRITE;

INSERT INTO `sys_login_status` (`id`, `sys_user_id`, `session_id`, `session_expires`, `sys_user_login_name`, `sys_user_zh_name`, `last_login_time`, `platform`, `rank`, `create_time`, `update_time`, `create_by`, `update_by`, `status`)
VALUES (1, 3, 'shiro-session-dc01636f-1792-4798-abe3-2361646e5ee8', '2016-11-18 16:27:17', 'admin', '超级管理员', NULL, 1, 0,
           '2016-10-19 16:27:17', '2016-10-19 16:27:17', 0, 0, 2),
  (2, 3, 'shiro-session-dc01636f-1792-4798-abe3-2361646e5ee8', '2016-11-18 16:28:33', 'admin', '超级管理员',
      '2016-10-19 16:27:17', 1, 0, '2016-10-19 16:28:32', '2016-10-19 16:28:32', 0, 0, 2),
  (3, 3, 'shiro-session-dc01636f-1792-4798-abe3-2361646e5ee8', '2016-11-18 16:28:41', 'admin', '超级管理员',
      '2016-10-19 16:28:32', 1, 0, '2016-10-19 16:28:40', '2016-10-19 16:28:40', 0, 0, 1);

UNLOCK TABLES;

/*Data for the table `sys_organization` */

LOCK TABLES `sys_organization` WRITE;

INSERT INTO `sys_organization` (`id`, `name`, `description`, `is_final`, `parent_id`, `rank`, `create_time`, `update_time`, `create_by`, `update_by`, `status`, `full_name`)
VALUES (1, 'xxx公司', 'xxx公司', 2, 0, 0, '2016-10-19 11:18:04', '2016-10-19 11:18:21', 0, 0, 1, 'xxx公司'),
  (2, 'xxx江西分公司', 'xxx江西分公司', 2, 1, 0, '2016-10-19 11:19:04', '2016-10-19 11:24:16', 0, 0, 1, 'xxx江西分公司'),
  (3, 'xxx湖南分公司', 'xxx湖南分公司', 2, 1, 0, '2016-10-19 11:19:58', '2016-10-19 11:24:18', 0, 0, 1, 'xxx湖南分公司'),
  (4, '研发部', 'xxx江西分公司研发部', 2, 2, 0, '2016-10-19 11:22:28', '2016-10-19 11:24:29', 0, 0, 1, 'xxx江西分公司研发部'),
  (5, '市场部', 'xxx江西分公司市场部', 2, 2, 0, '2016-10-19 11:22:54', '2016-10-19 11:24:31', 0, 0, 1, 'xxx江西分公司市场部'),
  (6, '架构组', 'xxx江西分公司研发部架构组', 2, 4, 0, '2016-10-19 11:23:23', '2016-10-19 11:24:39', 0, 0, 1, 'xxx江西分公司研发部架构组');

UNLOCK TABLES;

/*Data for the table `sys_permission` */

LOCK TABLES `sys_permission` WRITE;

INSERT INTO `sys_permission` (`id`, `name`, `description`, `code`, `sys_permission_group_id`, `is_final`, `rank`, `create_time`, `update_time`, `create_by`, `update_by`, `status`)
VALUES (1, '新增', '新增系统用户', 'user:insert', 1, 2, 0, '2016-10-19 10:37:11', '2016-10-19 10:38:58', 0, 0, 1),
  (2, '删除', '删除系统用户', 'user:delete', 1, 2, 0, '2016-10-19 10:37:23', '2016-10-19 10:38:59', 0, 0, 1),
  (3, '更新', '更新系统用户', 'user:update', 1, 2, 0, '2016-10-19 10:37:39', '2016-10-19 10:39:00', 0, 0, 1),
  (4, '查询', '查询系统用户', 'user:select', 1, 2, 0, '2016-10-19 10:37:56', '2016-10-19 10:39:00', 0, 0, 1),
  (5, '列表', '查询系统用户列表', 'user:list', 1, 2, 0, '2016-10-19 10:38:23', '2016-10-19 10:39:04', 0, 0, 1),
  (6, '新增', '新增系统角色', 'role:insert', 2, 2, 0, '2016-10-19 10:37:11', '2016-10-19 10:38:58', 0, 0, 1),
  (7, '删除', '删除系统角色', 'role:delete', 2, 2, 0, '2016-10-19 10:37:23', '2016-10-19 10:38:59', 0, 0, 1),
  (8, '更新', '更新系统角色', 'role:update', 2, 2, 0, '2016-10-19 10:37:39', '2016-10-19 10:39:00', 0, 0, 1),
  (9, '查询', '查询系统角色', 'role:select', 2, 2, 0, '2016-10-19 10:37:56', '2016-10-19 10:39:00', 0, 0, 1),
  (10, '列表', '查询系统角色列表', 'role:list', 2, 2, 0, '2016-10-19 10:38:23', '2016-10-19 10:39:04', 0, 0, 1),
  (11, '新增', '新增系统组织机构', 'organization:insert', 3, 2, 0, '2016-10-19 10:37:11', '2016-10-19 10:38:58', 0, 0, 1),
  (12, '删除', '删除系统组织机构', 'organization:delete', 3, 2, 0, '2016-10-19 10:37:23', '2016-10-19 10:38:59', 0, 0, 1),
  (13, '更新', '更新系统组织机构', 'organization:update', 3, 2, 0, '2016-10-19 10:37:39', '2016-10-19 10:39:00', 0, 0, 1),
  (14, '查询', '查询系统组织机构', 'organization:select', 3, 2, 0, '2016-10-19 10:37:56', '2016-10-19 10:39:00', 0, 0, 1),
  (15, '列表', '查询系统组织机构列表', 'organization:list', 3, 2, 0, '2016-10-19 10:38:23', '2016-10-19 10:39:04', 0, 0, 1),
  (16, '新增', '新增系统权限', 'permission:insert', 4, 2, 0, '2016-10-19 10:37:11', '2016-10-19 10:38:58', 0, 0, 1),
  (17, '删除', '删除系统权限', 'permission:delete', 4, 2, 0, '2016-10-19 10:37:23', '2016-10-19 10:38:59', 0, 0, 1),
  (18, '更新', '更新系统权限', 'permission:update', 4, 2, 0, '2016-10-19 10:37:39', '2016-10-19 10:39:00', 0, 0, 1),
  (19, '查询', '查询系统权限', 'permission:select', 4, 2, 0, '2016-10-19 10:37:56', '2016-10-19 10:39:00', 0, 0, 1),
  (20, '列表', '查询系统权限列表', 'permission:list', 4, 2, 0, '2016-10-19 10:38:23', '2016-10-19 10:39:04', 0, 0, 1),
  (21, '新增', '新增系统职位', 'job:insert', 5, 2, 0, '2016-10-19 10:37:11', '2016-10-19 10:38:58', 0, 0, 1),
  (22, '删除', '删除系统职位', 'job:delete', 5, 2, 0, '2016-10-19 10:37:23', '2016-10-19 10:38:59', 0, 0, 1),
  (23, '更新', '更新系统职位', 'job:update', 5, 2, 0, '2016-10-19 10:37:39', '2016-10-19 10:39:00', 0, 0, 1),
  (24, '查询', '查询系统职位', 'job:select', 5, 2, 0, '2016-10-19 10:37:56', '2016-10-19 10:39:00', 0, 0, 1),
  (25, '列表', '查询系统职位列表', 'job:list', 5, 2, 0, '2016-10-19 10:38:23', '2016-10-19 10:39:05', 0, 0, 1);

UNLOCK TABLES;

/*Data for the table `sys_permission_group` */

LOCK TABLES `sys_permission_group` WRITE;

INSERT INTO `sys_permission_group` (`id`, `name`, `description`, `parent_id`, `is_final`, `rank`, `create_time`, `update_time`, `create_by`, `update_by`, `status`)
VALUES (1, '用户管理', '管理系统用户数据管理', 0, 2, 0, '2016-10-19 10:36:47', '2016-10-19 10:50:52', 0, 0, 1),
  (2, '角色管理', '系统角色数据管理', 0, 2, 0, '2016-10-19 10:46:41', '2016-10-19 10:50:46', 0, 0, 1),
  (3, '组织机构管理', '系统组织结构数据管理', 0, 2, 0, '2016-10-19 10:50:40', '2016-10-19 10:51:03', 0, 0, 1),
  (4, '权限管理', '系统权限管理数据管理', 0, 2, 0, '2016-10-19 10:50:40', '2016-10-19 10:51:03', 0, 0, 1),
  (5, '职位管理', '系统职位数据管理', 0, 2, 0, '2016-10-19 10:50:40', '2016-10-19 10:51:03', 0, 0, 1);

UNLOCK TABLES;

/*Data for the table `sys_role` */

LOCK TABLES `sys_role` WRITE;

INSERT INTO `sys_role` (`id`, `description`, `name`, `rank`, `is_final`, `create_time`, `update_time`, `create_by`, `update_by`, `status`)
VALUES (1, '系统最高权限拥有人', '超级管理员', 0, 2, '2016-10-19 11:07:28', '2016-10-19 14:10:34', 0, 0, 1),
  (2, '管理员', '管理员', 0, 2, '2016-10-19 11:07:45', '2016-10-19 14:10:35', 0, 0, 1),
  (3, '总经理', '总经理', 0, 2, '2016-10-19 11:08:28', '2016-10-19 14:10:35', 0, 0, 1),
  (4, '研发部经理', '研发部经理', 0, 2, '2016-10-19 11:08:41', '2016-10-19 14:10:35', 0, 0, 1),
  (5, '研发部员工', '研发部员工', 0, 2, '2016-10-19 11:09:06', '2016-10-19 14:10:36', 0, 0, 1);

UNLOCK TABLES;

/*Data for the table `sys_role_organization` */

LOCK TABLES `sys_role_organization` WRITE;

INSERT INTO `sys_role_organization` (`id`, `sys_organization_id`, `sys_role_id`, `parent_id`, `name`, `full_name`, `description`, `rank`, `create_time`, `update_time`, `create_by`, `update_by`, `status`, `is_final`)
VALUES (1, 1, 1, 0, '系统', '系统', '系统职位定级菜单', 0, '2016-10-19 11:46:13', '2016-10-19 11:46:13', 0, 0, 1, 2),
  (2, 1, 1, 1, '系统超级管理员', '系统超级管理员', '系统超级管理员', 0, '2016-10-19 14:03:27', '2016-10-19 14:10:27', 0, 0, 1, 2),
  (3, 1, 3, 1, 'xxx公司总经理', 'xxx公司总经理', 'xxx公司总经理', 0, '2016-10-19 14:06:02', '2016-10-19 14:10:28', 0, 0, 1, 2),
  (4, 4, 4, 3, '研发部经理', 'xxx江西分公司', 'xxx江西分公司', 0, '2016-10-19 14:06:54', '2016-10-19 14:10:28', 0, 0, 1, 2),
  (5, 4, 5, 4, '研发部员工', 'xxx江西分公司研发部员工', 'xxx江西分公司研发部员工', 0, '2016-10-19 14:07:27', '2016-10-19 14:10:29', 0, 0, 1, 2);

UNLOCK TABLES;

/*Data for the table `sys_role_permission` */

LOCK TABLES `sys_role_permission` WRITE;

INSERT INTO `sys_role_permission` (`id`, `sys_permission_id`, `sys_role_id`, `rank`, `create_time`, `update_time`, `create_by`, `update_by`, `status`)
VALUES (1, 1, 1, 0, '2016-10-19 11:07:28', '2016-10-19 11:07:28', 0, 0, 1),
  (2, 2, 1, 0, '2016-10-19 11:07:28', '2016-10-19 11:07:28', 0, 0, 1),
  (3, 3, 1, 0, '2016-10-19 11:07:28', '2016-10-19 11:07:28', 0, 0, 1),
  (4, 4, 1, 0, '2016-10-19 11:07:28', '2016-10-19 11:07:28', 0, 0, 1),
  (5, 5, 1, 0, '2016-10-19 11:07:28', '2016-10-19 11:07:28', 0, 0, 1),
  (6, 6, 1, 0, '2016-10-19 11:07:28', '2016-10-19 11:07:28', 0, 0, 1),
  (7, 7, 1, 0, '2016-10-19 11:07:28', '2016-10-19 11:07:28', 0, 0, 1),
  (8, 8, 1, 0, '2016-10-19 11:07:28', '2016-10-19 11:07:28', 0, 0, 1),
  (9, 9, 1, 0, '2016-10-19 11:07:28', '2016-10-19 11:07:28', 0, 0, 1),
  (10, 10, 1, 0, '2016-10-19 11:07:28', '2016-10-19 11:07:28', 0, 0, 1),
  (11, 11, 1, 0, '2016-10-19 11:07:28', '2016-10-19 11:07:28', 0, 0, 1),
  (12, 12, 1, 0, '2016-10-19 11:07:28', '2016-10-19 11:07:28', 0, 0, 1),
  (13, 13, 1, 0, '2016-10-19 11:07:28', '2016-10-19 11:07:28', 0, 0, 1),
  (14, 14, 1, 0, '2016-10-19 11:07:28', '2016-10-19 11:07:28', 0, 0, 1),
  (15, 15, 1, 0, '2016-10-19 11:07:28', '2016-10-19 11:07:28', 0, 0, 1),
  (16, 16, 1, 0, '2016-10-19 11:07:28', '2016-10-19 11:07:28', 0, 0, 1),
  (17, 17, 1, 0, '2016-10-19 11:07:28', '2016-10-19 11:07:28', 0, 0, 1),
  (18, 18, 1, 0, '2016-10-19 11:07:28', '2016-10-19 11:07:28', 0, 0, 1),
  (19, 19, 1, 0, '2016-10-19 11:07:28', '2016-10-19 11:07:28', 0, 0, 1),
  (20, 20, 1, 0, '2016-10-19 11:07:28', '2016-10-19 11:07:28', 0, 0, 1),
  (21, 21, 1, 0, '2016-10-19 11:07:28', '2016-10-19 11:07:28', 0, 0, 1),
  (22, 22, 1, 0, '2016-10-19 11:07:28', '2016-10-19 11:07:28', 0, 0, 1),
  (23, 23, 1, 0, '2016-10-19 11:07:28', '2016-10-19 11:07:28', 0, 0, 1),
  (24, 24, 1, 0, '2016-10-19 11:07:28', '2016-10-19 11:07:28', 0, 0, 1),
  (25, 25, 1, 0, '2016-10-19 11:07:28', '2016-10-19 11:07:28', 0, 0, 1),
  (26, 3, 2, 0, '2016-10-19 11:07:45', '2016-10-19 11:07:45', 0, 0, 1),
  (27, 4, 2, 0, '2016-10-19 11:07:45', '2016-10-19 11:07:45', 0, 0, 1),
  (28, 5, 2, 0, '2016-10-19 11:07:45', '2016-10-19 11:07:45', 0, 0, 1),
  (29, 6, 2, 0, '2016-10-19 11:07:45', '2016-10-19 11:07:45', 0, 0, 1),
  (30, 7, 2, 0, '2016-10-19 11:07:45', '2016-10-19 11:07:45', 0, 0, 1),
  (31, 8, 2, 0, '2016-10-19 11:07:45', '2016-10-19 11:07:45', 0, 0, 1),
  (32, 9, 2, 0, '2016-10-19 11:07:45', '2016-10-19 11:07:45', 0, 0, 1),
  (33, 10, 2, 0, '2016-10-19 11:07:45', '2016-10-19 11:07:45', 0, 0, 1),
  (34, 11, 2, 0, '2016-10-19 11:07:45', '2016-10-19 11:07:45', 0, 0, 1),
  (35, 12, 2, 0, '2016-10-19 11:07:45', '2016-10-19 11:07:45', 0, 0, 1),
  (36, 13, 2, 0, '2016-10-19 11:07:45', '2016-10-19 11:07:45', 0, 0, 1),
  (37, 14, 2, 0, '2016-10-19 11:07:45', '2016-10-19 11:07:45', 0, 0, 1),
  (38, 15, 2, 0, '2016-10-19 11:07:45', '2016-10-19 11:07:45', 0, 0, 1),
  (39, 21, 2, 0, '2016-10-19 11:07:45', '2016-10-19 11:07:45', 0, 0, 1),
  (40, 22, 2, 0, '2016-10-19 11:07:45', '2016-10-19 11:07:45', 0, 0, 1),
  (41, 23, 2, 0, '2016-10-19 11:07:45', '2016-10-19 11:07:45', 0, 0, 1),
  (42, 24, 2, 0, '2016-10-19 11:07:45', '2016-10-19 11:07:45', 0, 0, 1),
  (43, 25, 2, 0, '2016-10-19 11:07:45', '2016-10-19 11:07:45', 0, 0, 1),
  (44, 1, 2, 0, '2016-10-19 11:07:45', '2016-10-19 11:07:45', 0, 0, 1),
  (45, 2, 2, 0, '2016-10-19 11:07:45', '2016-10-19 11:07:45', 0, 0, 1),
  (46, 4, 3, 0, '2016-10-19 11:08:28', '2016-10-19 11:08:28', 0, 0, 1),
  (47, 5, 3, 0, '2016-10-19 11:08:28', '2016-10-19 11:08:28', 0, 0, 1),
  (48, 4, 4, 0, '2016-10-19 11:08:41', '2016-10-19 11:08:41', 0, 0, 1),
  (49, 5, 4, 0, '2016-10-19 11:08:41', '2016-10-19 11:08:41', 0, 0, 1),
  (50, 5, 5, 0, '2016-10-19 11:09:06', '2016-10-19 11:09:06', 0, 0, 1),
  (51, 4, 5, 0, '2016-10-19 11:09:06', '2016-10-19 11:09:06', 0, 0, 1);

UNLOCK TABLES;

/*Data for the table `sys_user` */

LOCK TABLES `sys_user` WRITE;

INSERT INTO `sys_user` (`id`, `login_name`, `zh_name`, `en_name`, `sex`, `birth`, `email`, `phone`, `address`, `password`, `password_salt`, `rank`, `create_time`, `update_time`, `create_by`, `update_by`, `status`, `is_final`)
VALUES
  (3, 'admin', '超级管理员', 'admin', 1, '2016-10-03', '981017952@qq.com', NULL, '深圳', 'df63ec60a1190c572420494de89e568d',
      'c9661e088f5745789a10901862cdb4ee', 0, '2016-10-19 14:13:38', '2016-10-19 16:27:14', 0, 0, 1, 1);

UNLOCK TABLES;

/*Data for the table `sys_user_permission` */

LOCK TABLES `sys_user_permission` WRITE;

INSERT INTO `sys_user_permission` (`id`, `sys_user_id`, `sys_permission_id`, `is_final`, `rank`, `create_time`, `update_time`, `create_by`, `update_by`, `status`)
VALUES (1, 3, 1, 1, 0, '2016-10-19 14:13:38', '2016-10-19 14:13:38', 0, 0, 1),
  (2, 3, 2, 1, 0, '2016-10-19 14:13:38', '2016-10-19 14:13:38', 0, 0, 1),
  (3, 3, 3, 1, 0, '2016-10-19 14:13:38', '2016-10-19 14:13:38', 0, 0, 1),
  (4, 3, 4, 1, 0, '2016-10-19 14:13:38', '2016-10-19 14:13:38', 0, 0, 1),
  (5, 3, 5, 1, 0, '2016-10-19 14:13:38', '2016-10-19 14:13:38', 0, 0, 1),
  (6, 3, 6, 1, 0, '2016-10-19 14:13:38', '2016-10-19 14:13:38', 0, 0, 1),
  (7, 3, 7, 1, 0, '2016-10-19 14:13:38', '2016-10-19 14:13:38', 0, 0, 1),
  (8, 3, 8, 1, 0, '2016-10-19 14:13:38', '2016-10-19 14:13:38', 0, 0, 1),
  (9, 3, 9, 1, 0, '2016-10-19 14:13:38', '2016-10-19 14:13:38', 0, 0, 1),
  (10, 3, 10, 1, 0, '2016-10-19 14:13:38', '2016-10-19 14:13:38', 0, 0, 1),
  (11, 3, 11, 1, 0, '2016-10-19 14:13:38', '2016-10-19 14:13:38', 0, 0, 1),
  (12, 3, 12, 1, 0, '2016-10-19 14:13:38', '2016-10-19 14:13:38', 0, 0, 1),
  (13, 3, 13, 1, 0, '2016-10-19 14:13:38', '2016-10-19 14:13:38', 0, 0, 1),
  (14, 3, 14, 1, 0, '2016-10-19 14:13:38', '2016-10-19 14:13:38', 0, 0, 1),
  (15, 3, 15, 1, 0, '2016-10-19 14:13:38', '2016-10-19 14:13:38', 0, 0, 1),
  (16, 3, 16, 1, 0, '2016-10-19 14:13:38', '2016-10-19 14:13:38', 0, 0, 1),
  (17, 3, 17, 1, 0, '2016-10-19 14:13:38', '2016-10-19 14:13:38', 0, 0, 1),
  (18, 3, 18, 1, 0, '2016-10-19 14:13:38', '2016-10-19 14:13:38', 0, 0, 1),
  (19, 3, 19, 1, 0, '2016-10-19 14:13:38', '2016-10-19 14:13:38', 0, 0, 1),
  (20, 3, 20, 1, 0, '2016-10-19 14:13:38', '2016-10-19 14:13:38', 0, 0, 1),
  (21, 3, 21, 1, 0, '2016-10-19 14:13:38', '2016-10-19 14:13:38', 0, 0, 1),
  (22, 3, 22, 1, 0, '2016-10-19 14:13:38', '2016-10-19 14:13:38', 0, 0, 1),
  (23, 3, 23, 1, 0, '2016-10-19 14:13:38', '2016-10-19 14:13:38', 0, 0, 1),
  (24, 3, 24, 1, 0, '2016-10-19 14:13:38', '2016-10-19 14:13:38', 0, 0, 1),
  (25, 3, 25, 1, 0, '2016-10-19 14:13:38', '2016-10-19 14:13:38', 0, 0, 1);

UNLOCK TABLES;

/*Data for the table `sys_user_role_organization` */

LOCK TABLES `sys_user_role_organization` WRITE;

INSERT INTO `sys_user_role_organization` (`id`, `sys_user_id`, `sys_role_organization_id`, `rank`, `create_time`, `update_time`, `create_by`, `update_by`, `status`, `is_final`)
VALUES (1, 3, 2, 0, '2016-10-19 14:13:38', '2016-10-19 14:13:38', 0, 0, 1, 1);

UNLOCK TABLES;

/*!40101 SET SQL_MODE = @OLD_SQL_MODE */;
/*!40014 SET FOREIGN_KEY_CHECKS = @OLD_FOREIGN_KEY_CHECKS */;
/*!40014 SET UNIQUE_CHECKS = @OLD_UNIQUE_CHECKS */;
/*!40111 SET SQL_NOTES = @OLD_SQL_NOTES */;
