/*
SQLyog Ultimate v11.24 (32 bit)
MySQL - 5.7.14-log : Database - hunt
*********************************************************************
*/


/*!40101 SET NAMES utf8 */;

/*!40101 SET SQL_MODE=''*/;

/*!40014 SET @OLD_UNIQUE_CHECKS=@@UNIQUE_CHECKS, UNIQUE_CHECKS=0 */;
/*!40014 SET @OLD_FOREIGN_KEY_CHECKS=@@FOREIGN_KEY_CHECKS, FOREIGN_KEY_CHECKS=0 */;
/*!40101 SET @OLD_SQL_MODE=@@SQL_MODE, SQL_MODE='NO_AUTO_VALUE_ON_ZERO' */;
/*!40111 SET @OLD_SQL_NOTES=@@SQL_NOTES, SQL_NOTES=0 */;
CREATE DATABASE /*!32312 IF NOT EXISTS*/`hunt` /*!40100 DEFAULT CHARACTER SET utf8 */;

USE `hunt`;

/*Data for the table `sys_login_status` */

LOCK TABLES `sys_login_status` WRITE;

UNLOCK TABLES;

/*Data for the table `sys_organization` */

LOCK TABLES `sys_organization` WRITE;

insert  into `sys_organization`(`id`,`name`,`description`,`is_final`,`parent_id`,`rank`,`create_time`,`update_time`,`create_by`,`update_by`,`status`,`full_name`) values (1,'系统','系统',1,0,0,'2016-10-29 14:21:13','2016-10-29 14:21:13',0,0,1,'系统'),(2,'xxx集团','xxx集团',1,1,0,'2016-10-29 14:21:34','2016-10-29 15:00:28',0,0,1,'xxx集团'),(3,'xxx深圳分公司','xxx深圳分公司',1,2,0,'2016-10-29 14:26:27','2016-10-29 14:26:27',0,0,1,'xxx深圳分公司'),(4,'xxx长沙分公司','xxx长沙分公司',1,2,0,'2016-10-29 14:27:18','2016-10-29 14:27:18',0,0,1,'xxx长沙分公司'),(5,'财务部','xxx深圳分公司财务部',1,3,0,'2016-10-29 14:27:42','2016-10-29 14:27:42',0,0,1,'xxx深圳分公司财务部'),(6,'研发部','xxx深圳分公司研发部',1,3,0,'2016-10-29 14:28:38','2016-10-29 14:28:38',0,0,1,'xxx深圳分公司研发部'),(7,'市场部','xxx深圳分公司市场部',1,3,0,'2016-10-29 14:28:49','2016-10-29 14:28:49',0,0,1,'xxx深圳分公司市场部');

UNLOCK TABLES;

/*Data for the table `sys_permission` */

LOCK TABLES `sys_permission` WRITE;

insert  into `sys_permission`(`id`,`name`,`description`,`code`,`sys_permission_group_id`,`is_final`,`rank`,`create_time`,`update_time`,`create_by`,`update_by`,`status`) values (1,'新增','新增用户','user:insert',1,1,0,'2016-10-29 11:45:09','2016-10-29 11:45:09',0,0,1),(2,'删除','删除用户','user:delete',1,1,0,'2016-10-29 11:46:08','2016-10-29 11:46:08',0,0,1),(3,'更新','更新用户','user:update',1,1,0,'2016-10-29 11:46:44','2016-10-29 11:46:44',0,0,1),(4,'查询','查询用户','user:select',1,1,0,'2016-10-29 11:46:57','2016-10-29 11:46:57',0,0,1),(5,'列表','查询用户列表','user:list',1,1,0,'2016-10-29 11:47:20','2016-10-29 11:47:20',0,0,1),(6,'新增','新增权限','permission:insert',2,1,0,'2016-10-29 11:45:09','2016-10-29 11:49:37',0,0,1),(7,'删除','删除权限','permission:delete',2,1,0,'2016-10-29 11:46:08','2016-10-29 11:49:37',0,0,1),(8,'更新','更新权限','permission:update',2,1,0,'2016-10-29 11:46:44','2016-10-29 11:49:38',0,0,1),(9,'查询','查询权限','permission:select',2,1,0,'2016-10-29 11:46:57','2016-10-29 11:49:38',0,0,1),(10,'列表','查询权限列表','permission:list',2,1,0,'2016-10-29 11:47:20','2016-10-29 11:49:39',0,0,1),(11,'新增','新增角色','role:insert',3,1,0,'2016-10-29 11:45:09','2016-10-29 11:45:09',0,0,1),(12,'删除','删除角色','role:delete',3,1,0,'2016-10-29 11:46:08','2016-10-29 11:46:08',0,0,1),(13,'更新','更新角色','role:update',3,1,0,'2016-10-29 11:46:44','2016-10-29 11:46:44',0,0,1),(14,'查询','查询角色','role:select',3,1,0,'2016-10-29 11:46:57','2016-10-29 11:46:57',0,0,1),(15,'列表','查询角色列表','role:list',3,1,0,'2016-10-29 11:47:20','2016-10-29 11:47:20',0,0,1),(16,'新增','新增组织机构','organization:insert',4,1,0,'2016-10-29 11:45:09','2016-10-29 11:45:09',0,0,1),(17,'删除','删除组织机构','organization:delete',4,1,0,'2016-10-29 11:46:08','2016-10-29 11:46:08',0,0,1),(18,'更新','更新组织机构','organization:update',4,1,0,'2016-10-29 11:46:44','2016-10-29 11:46:44',0,0,1),(19,'查询','查询组织机构','organization:select',4,1,0,'2016-10-29 11:46:57','2016-10-29 11:46:57',0,0,1),(20,'列表','查询组织机构列表','organization:list',4,1,0,'2016-10-29 11:47:20','2016-10-29 11:47:20',0,0,1),(21,'新增','新增职位','job:insert',5,1,0,'2016-10-29 11:45:09','2016-10-29 11:45:09',0,0,1),(22,'删除','删除职位','job:delete',5,1,0,'2016-10-29 11:46:08','2016-10-29 11:46:08',0,0,1),(23,'更新','更新职位','job:update',5,1,0,'2016-10-29 11:46:44','2016-10-29 11:46:44',0,0,1),(24,'查询','查询职位','job:select',5,1,0,'2016-10-29 11:46:57','2016-10-29 11:46:57',0,0,1),(25,'列表','查询职位列表','job:list',5,1,0,'2016-10-29 11:47:20','2016-10-29 11:47:20',0,0,1),(26,'新增','新增字典','data:insert',6,1,0,'2016-10-29 11:45:09','2016-10-29 11:45:09',0,0,1),(27,'删除','删除字典','data:delete',6,1,0,'2016-10-29 11:46:08','2016-10-29 11:46:08',0,0,1),(28,'更新','更新字典','data:update',6,1,0,'2016-10-29 11:46:44','2016-10-29 11:46:44',0,0,1),(29,'查询','查询字典','data:select',6,1,0,'2016-10-29 11:46:57','2016-10-29 11:46:57',0,0,1),(30,'列表','查询字典列表','data:list',6,1,0,'2016-10-29 11:47:20','2016-10-29 11:47:20',0,0,1),(31,'启用','启用用户','user:enable',1,1,0,'2016-10-29 11:58:15','2016-10-29 11:58:15',0,0,1),(32,'禁用','禁用用户','user:forbidden',1,1,0,'2016-10-29 11:58:45','2016-10-29 11:58:45',0,0,1),(33,'密码','修改密码','user:updatePassword',1,1,0,'2016-10-29 12:00:01','2016-10-29 12:00:01',0,0,1);

UNLOCK TABLES;

/*Data for the table `sys_permission_group` */

LOCK TABLES `sys_permission_group` WRITE;

insert  into `sys_permission_group`(`id`,`name`,`description`,`parent_id`,`is_final`,`rank`,`create_time`,`update_time`,`create_by`,`update_by`,`status`) values (1,'用户管理','用户数据增删改查',0,2,0,'2016-10-29 11:43:55','2016-10-29 11:43:55',0,0,1),(2,'权限管理','权限数据增删改查',0,2,0,'2016-10-29 11:43:55','2016-10-29 11:43:55',0,0,1),(3,'角色管理','角色数据增删改查',0,2,0,'2016-10-29 11:43:55','2016-10-29 11:43:55',0,0,1),(4,'组织机构管理','组织机构数据增删改查',0,2,0,'2016-10-29 11:43:55','2016-10-29 11:43:55',0,0,1),(5,'职位管理','职位数据增删改查',0,2,0,'2016-10-29 11:43:55','2016-10-29 11:43:55',0,0,1),(6,'字典管理','字典数据增删改查',0,2,0,'2016-10-29 11:43:55','2016-10-29 11:43:55',0,0,1);

UNLOCK TABLES;

/*Data for the table `sys_role` */

LOCK TABLES `sys_role` WRITE;

insert  into `sys_role`(`id`,`description`,`name`,`rank`,`is_final`,`create_time`,`update_time`,`create_by`,`update_by`,`status`) values (1,'超级管理员','超级管理员',0,1,'2016-10-29 14:18:43','2016-10-29 14:18:43',0,0,1),(2,'管理员','管理员',0,1,'2016-10-29 14:19:05','2016-10-29 14:19:05',0,0,1),(3,'分公司总经理','分公司总经理',0,1,'2016-10-29 14:36:24','2016-10-29 14:36:24',0,0,1),(4,'分公司部门经理','分公司部门经理',0,1,'2016-10-29 14:37:46','2016-10-29 14:37:46',0,0,1),(5,'集团总经理','集团总经理',0,1,'2016-10-29 14:59:17','2016-10-29 14:59:17',0,0,1);

UNLOCK TABLES;

/*Data for the table `sys_role_organization` */

LOCK TABLES `sys_role_organization` WRITE;

insert  into `sys_role_organization`(`id`,`sys_organization_id`,`sys_role_id`,`parent_id`,`name`,`full_name`,`description`,`rank`,`create_time`,`update_time`,`create_by`,`update_by`,`status`,`is_final`) values (1,0,0,0,'系统','系统','系统',0,'2016-10-29 14:53:47','2016-10-29 14:53:47',0,0,1,NULL),(2,2,1,1,'系统超级管理员','系统超级管理员','系统超级管理员',0,'2016-10-29 14:54:22','2016-10-29 14:54:22',0,0,1,1),(3,2,5,1,'集团总经理','集团总经理','集团总经理',0,'2016-10-29 15:01:06','2016-10-29 15:01:06',0,0,1,1),(4,3,3,3,'深圳分公司总经理','xxx深圳分公司总经理','xxx深圳分公司总经理',0,'2016-10-29 15:01:47','2016-10-29 15:01:47',0,0,1,1),(5,6,4,4,'xxx深圳分公司研发部经理','xxx深圳分公司研发部经理','xxx深圳分公司研发部经理',0,'2016-10-29 15:02:56','2016-10-29 15:02:56',0,0,1,1),(6,2,2,2,'系统管理员','系统管理员','系统管理员',0,'2016-10-29 15:07:01','2016-10-29 15:07:01',0,0,1,1);

UNLOCK TABLES;

/*Data for the table `sys_role_permission` */

LOCK TABLES `sys_role_permission` WRITE;

insert  into `sys_role_permission`(`id`,`sys_permission_id`,`sys_role_id`,`rank`,`create_time`,`update_time`,`create_by`,`update_by`,`status`) values (1,1,1,0,'2016-10-29 14:18:43','2016-10-29 14:18:43',0,0,1),(2,2,1,0,'2016-10-29 14:18:43','2016-10-29 14:18:43',0,0,1),(3,3,1,0,'2016-10-29 14:18:43','2016-10-29 14:18:43',0,0,1),(4,4,1,0,'2016-10-29 14:18:43','2016-10-29 14:18:43',0,0,1),(5,5,1,0,'2016-10-29 14:18:43','2016-10-29 14:18:43',0,0,1),(6,31,1,0,'2016-10-29 14:18:43','2016-10-29 14:18:43',0,0,1),(7,32,1,0,'2016-10-29 14:18:43','2016-10-29 14:18:43',0,0,1),(8,33,1,0,'2016-10-29 14:18:43','2016-10-29 14:18:43',0,0,1),(9,6,1,0,'2016-10-29 14:18:43','2016-10-29 14:18:43',0,0,1),(10,7,1,0,'2016-10-29 14:18:43','2016-10-29 14:18:43',0,0,1),(11,8,1,0,'2016-10-29 14:18:43','2016-10-29 14:18:43',0,0,1),(12,9,1,0,'2016-10-29 14:18:43','2016-10-29 14:18:43',0,0,1),(13,10,1,0,'2016-10-29 14:18:43','2016-10-29 14:18:43',0,0,1),(14,11,1,0,'2016-10-29 14:18:43','2016-10-29 14:18:43',0,0,1),(15,12,1,0,'2016-10-29 14:18:43','2016-10-29 14:18:43',0,0,1),(16,13,1,0,'2016-10-29 14:18:43','2016-10-29 14:18:43',0,0,1),(17,14,1,0,'2016-10-29 14:18:43','2016-10-29 14:18:43',0,0,1),(18,15,1,0,'2016-10-29 14:18:43','2016-10-29 14:18:43',0,0,1),(19,16,1,0,'2016-10-29 14:18:43','2016-10-29 14:18:43',0,0,1),(20,17,1,0,'2016-10-29 14:18:43','2016-10-29 14:18:43',0,0,1),(21,18,1,0,'2016-10-29 14:18:43','2016-10-29 14:18:43',0,0,1),(22,19,1,0,'2016-10-29 14:18:43','2016-10-29 14:18:43',0,0,1),(23,20,1,0,'2016-10-29 14:18:43','2016-10-29 14:18:43',0,0,1),(24,21,1,0,'2016-10-29 14:18:43','2016-10-29 14:18:43',0,0,1),(25,22,1,0,'2016-10-29 14:18:43','2016-10-29 14:18:43',0,0,1),(26,23,1,0,'2016-10-29 14:18:43','2016-10-29 14:18:43',0,0,1),(27,24,1,0,'2016-10-29 14:18:43','2016-10-29 14:18:43',0,0,1),(28,25,1,0,'2016-10-29 14:18:43','2016-10-29 14:18:43',0,0,1),(29,26,1,0,'2016-10-29 14:18:43','2016-10-29 14:18:43',0,0,1),(30,27,1,0,'2016-10-29 14:18:43','2016-10-29 14:18:43',0,0,1),(31,28,1,0,'2016-10-29 14:18:43','2016-10-29 14:18:43',0,0,1),(32,29,1,0,'2016-10-29 14:18:43','2016-10-29 14:18:43',0,0,1),(33,30,1,0,'2016-10-29 14:18:43','2016-10-29 14:18:43',0,0,1),(34,1,2,0,'2016-10-29 14:19:05','2016-10-29 14:19:05',0,0,1),(35,3,2,0,'2016-10-29 14:19:05','2016-10-29 14:19:05',0,0,1),(36,4,2,0,'2016-10-29 14:19:05','2016-10-29 14:19:05',0,0,1),(37,5,2,0,'2016-10-29 14:19:05','2016-10-29 14:19:05',0,0,1),(38,31,2,0,'2016-10-29 14:19:05','2016-10-29 14:19:05',0,0,1),(39,32,2,0,'2016-10-29 14:19:05','2016-10-29 14:19:05',0,0,1),(40,33,2,0,'2016-10-29 14:19:05','2016-10-29 14:19:05',0,0,1),(41,6,2,0,'2016-10-29 14:19:05','2016-10-29 14:19:05',0,0,1),(42,8,2,0,'2016-10-29 14:19:05','2016-10-29 14:19:05',0,0,1),(43,9,2,0,'2016-10-29 14:19:05','2016-10-29 14:19:05',0,0,1),(44,10,2,0,'2016-10-29 14:19:05','2016-10-29 14:19:05',0,0,1),(45,11,2,0,'2016-10-29 14:19:05','2016-10-29 14:19:05',0,0,1),(46,13,2,0,'2016-10-29 14:19:05','2016-10-29 14:19:05',0,0,1),(47,14,2,0,'2016-10-29 14:19:05','2016-10-29 14:19:05',0,0,1),(48,15,2,0,'2016-10-29 14:19:05','2016-10-29 14:19:05',0,0,1),(49,16,2,0,'2016-10-29 14:19:05','2016-10-29 14:19:05',0,0,1),(50,18,2,0,'2016-10-29 14:19:05','2016-10-29 14:19:05',0,0,1),(51,19,2,0,'2016-10-29 14:19:05','2016-10-29 14:19:05',0,0,1),(52,20,2,0,'2016-10-29 14:19:05','2016-10-29 14:19:05',0,0,1),(53,21,2,0,'2016-10-29 14:19:05','2016-10-29 14:19:05',0,0,1),(54,23,2,0,'2016-10-29 14:19:05','2016-10-29 14:19:05',0,0,1),(55,24,2,0,'2016-10-29 14:19:05','2016-10-29 14:19:05',0,0,1),(56,25,2,0,'2016-10-29 14:19:05','2016-10-29 14:19:05',0,0,1),(57,26,2,0,'2016-10-29 14:19:05','2016-10-29 14:19:05',0,0,1),(58,28,2,0,'2016-10-29 14:19:05','2016-10-29 14:19:05',0,0,1),(59,29,2,0,'2016-10-29 14:19:05','2016-10-29 14:19:05',0,0,1),(60,30,2,0,'2016-10-29 14:19:05','2016-10-29 14:19:05',0,0,1),(61,5,3,0,'2016-10-29 14:36:24','2016-10-29 14:37:16',0,0,2),(62,9,3,0,'2016-10-29 14:36:24','2016-10-29 14:37:16',0,0,2),(63,10,3,0,'2016-10-29 14:36:24','2016-10-29 14:37:16',0,0,2),(64,14,3,0,'2016-10-29 14:36:24','2016-10-29 14:37:16',0,0,2),(65,15,3,0,'2016-10-29 14:36:24','2016-10-29 14:37:16',0,0,2),(66,19,3,0,'2016-10-29 14:36:24','2016-10-29 14:37:16',0,0,2),(67,20,3,0,'2016-10-29 14:36:24','2016-10-29 14:37:16',0,0,2),(68,24,3,0,'2016-10-29 14:36:24','2016-10-29 14:37:16',0,0,2),(69,25,3,0,'2016-10-29 14:36:24','2016-10-29 14:37:16',0,0,2),(70,29,3,0,'2016-10-29 14:36:24','2016-10-29 14:37:16',0,0,2),(71,30,3,0,'2016-10-29 14:36:24','2016-10-29 14:37:16',0,0,2),(72,4,3,0,'2016-10-29 14:36:24','2016-10-29 14:37:16',0,0,2),(73,5,3,0,'2016-10-29 14:37:16','2016-10-29 14:37:16',0,0,1),(74,9,3,0,'2016-10-29 14:37:16','2016-10-29 14:37:16',0,0,1),(75,10,3,0,'2016-10-29 14:37:16','2016-10-29 14:37:16',0,0,1),(76,14,3,0,'2016-10-29 14:37:16','2016-10-29 14:37:16',0,0,1),(77,15,3,0,'2016-10-29 14:37:16','2016-10-29 14:37:16',0,0,1),(78,19,3,0,'2016-10-29 14:37:16','2016-10-29 14:37:16',0,0,1),(79,20,3,0,'2016-10-29 14:37:16','2016-10-29 14:37:16',0,0,1),(80,24,3,0,'2016-10-29 14:37:16','2016-10-29 14:37:16',0,0,1),(81,25,3,0,'2016-10-29 14:37:16','2016-10-29 14:37:16',0,0,1),(82,29,3,0,'2016-10-29 14:37:16','2016-10-29 14:37:16',0,0,1),(83,30,3,0,'2016-10-29 14:37:16','2016-10-29 14:37:16',0,0,1),(84,4,3,0,'2016-10-29 14:37:16','2016-10-29 14:37:16',0,0,1),(85,25,4,0,'2016-10-29 14:37:46','2016-10-29 14:37:46',0,0,1),(86,24,4,0,'2016-10-29 14:37:46','2016-10-29 14:37:46',0,0,1),(87,4,4,0,'2016-10-29 14:37:46','2016-10-29 14:37:46',0,0,1),(88,5,4,0,'2016-10-29 14:37:46','2016-10-29 14:37:46',0,0,1),(89,9,4,0,'2016-10-29 14:37:46','2016-10-29 14:37:46',0,0,1),(90,10,4,0,'2016-10-29 14:37:46','2016-10-29 14:37:46',0,0,1),(91,14,4,0,'2016-10-29 14:37:46','2016-10-29 14:37:46',0,0,1),(92,15,4,0,'2016-10-29 14:37:46','2016-10-29 14:37:46',0,0,1),(93,19,4,0,'2016-10-29 14:37:46','2016-10-29 14:37:46',0,0,1),(94,20,4,0,'2016-10-29 14:37:46','2016-10-29 14:37:46',0,0,1),(95,29,4,0,'2016-10-29 14:37:46','2016-10-29 14:37:46',0,0,1),(96,30,4,0,'2016-10-29 14:37:46','2016-10-29 14:37:46',0,0,1),(97,4,5,0,'2016-10-29 14:59:17','2016-10-29 14:59:17',0,0,1),(98,5,5,0,'2016-10-29 14:59:17','2016-10-29 14:59:17',0,0,1),(99,9,5,0,'2016-10-29 14:59:17','2016-10-29 14:59:17',0,0,1),(100,10,5,0,'2016-10-29 14:59:17','2016-10-29 14:59:17',0,0,1),(101,14,5,0,'2016-10-29 14:59:17','2016-10-29 14:59:17',0,0,1),(102,15,5,0,'2016-10-29 14:59:17','2016-10-29 14:59:17',0,0,1),(103,20,5,0,'2016-10-29 14:59:17','2016-10-29 14:59:17',0,0,1),(104,19,5,0,'2016-10-29 14:59:17','2016-10-29 14:59:17',0,0,1),(105,24,5,0,'2016-10-29 14:59:17','2016-10-29 14:59:17',0,0,1),(106,25,5,0,'2016-10-29 14:59:17','2016-10-29 14:59:17',0,0,1),(107,29,5,0,'2016-10-29 14:59:17','2016-10-29 14:59:17',0,0,1),(108,30,5,0,'2016-10-29 14:59:17','2016-10-29 14:59:17',0,0,1);

UNLOCK TABLES;

/*Data for the table `sys_user` */

LOCK TABLES `sys_user` WRITE;

insert  into `sys_user`(`id`,`login_name`,`zh_name`,`en_name`,`sex`,`birth`,`email`,`phone`,`address`,`password`,`password_salt`,`rank`,`create_time`,`update_time`,`create_by`,`update_by`,`status`,`is_final`) values (1,'admin','admin','admin',1,NULL,NULL,NULL,NULL,'f893d078cee0c79c90e8747e1df8f54b','0e1e5f9114dc4d60a7ea9e13c60bdff8',0,'2016-10-29 15:06:05','2016-10-29 15:06:05',0,0,1,1),(2,'admin2','admin2管理员','admin2',1,NULL,NULL,NULL,NULL,'2f38e9c59827c9d457a2d82d38ba4e37','b80407eb849f4cd88c89c3e59f97b089',0,'2016-10-29 15:07:39','2016-10-29 15:07:39',0,0,1,1);

UNLOCK TABLES;

/*Data for the table `sys_user_permission` */

LOCK TABLES `sys_user_permission` WRITE;

insert  into `sys_user_permission`(`id`,`sys_user_id`,`sys_permission_id`,`is_final`,`rank`,`create_time`,`update_time`,`create_by`,`update_by`,`status`) values (1,1,1,1,0,'2016-10-29 15:06:05','2016-10-29 15:06:05',0,0,1),(2,1,2,1,0,'2016-10-29 15:06:05','2016-10-29 15:06:05',0,0,1),(3,1,3,1,0,'2016-10-29 15:06:05','2016-10-29 15:06:05',0,0,1),(4,1,4,1,0,'2016-10-29 15:06:05','2016-10-29 15:06:05',0,0,1),(5,1,5,1,0,'2016-10-29 15:06:05','2016-10-29 15:06:05',0,0,1),(6,1,31,1,0,'2016-10-29 15:06:05','2016-10-29 15:06:05',0,0,1),(7,1,32,1,0,'2016-10-29 15:06:05','2016-10-29 15:06:05',0,0,1),(8,1,33,1,0,'2016-10-29 15:06:05','2016-10-29 15:06:05',0,0,1),(9,1,6,1,0,'2016-10-29 15:06:05','2016-10-29 15:06:05',0,0,1),(10,1,7,1,0,'2016-10-29 15:06:05','2016-10-29 15:06:05',0,0,1),(11,1,8,1,0,'2016-10-29 15:06:05','2016-10-29 15:06:05',0,0,1),(12,1,9,1,0,'2016-10-29 15:06:05','2016-10-29 15:06:05',0,0,1),(13,1,10,1,0,'2016-10-29 15:06:05','2016-10-29 15:06:05',0,0,1),(14,1,11,1,0,'2016-10-29 15:06:05','2016-10-29 15:06:05',0,0,1),(15,1,12,1,0,'2016-10-29 15:06:05','2016-10-29 15:06:05',0,0,1),(16,1,13,1,0,'2016-10-29 15:06:05','2016-10-29 15:06:05',0,0,1),(17,1,14,1,0,'2016-10-29 15:06:05','2016-10-29 15:06:05',0,0,1),(18,1,15,1,0,'2016-10-29 15:06:05','2016-10-29 15:06:05',0,0,1),(19,1,16,1,0,'2016-10-29 15:06:05','2016-10-29 15:06:05',0,0,1),(20,1,17,1,0,'2016-10-29 15:06:05','2016-10-29 15:06:05',0,0,1),(21,1,18,1,0,'2016-10-29 15:06:05','2016-10-29 15:06:05',0,0,1),(22,1,19,1,0,'2016-10-29 15:06:05','2016-10-29 15:06:05',0,0,1),(23,1,20,1,0,'2016-10-29 15:06:05','2016-10-29 15:06:05',0,0,1),(24,1,21,1,0,'2016-10-29 15:06:05','2016-10-29 15:06:05',0,0,1),(25,1,22,1,0,'2016-10-29 15:06:05','2016-10-29 15:06:05',0,0,1),(26,1,23,1,0,'2016-10-29 15:06:05','2016-10-29 15:06:05',0,0,1),(27,1,24,1,0,'2016-10-29 15:06:05','2016-10-29 15:06:05',0,0,1),(28,1,25,1,0,'2016-10-29 15:06:05','2016-10-29 15:06:05',0,0,1),(29,1,26,1,0,'2016-10-29 15:06:05','2016-10-29 15:06:05',0,0,1),(30,1,27,1,0,'2016-10-29 15:06:05','2016-10-29 15:06:05',0,0,1),(31,1,28,1,0,'2016-10-29 15:06:05','2016-10-29 15:06:05',0,0,1),(32,1,29,1,0,'2016-10-29 15:06:05','2016-10-29 15:06:05',0,0,1),(33,1,30,1,0,'2016-10-29 15:06:05','2016-10-29 15:06:05',0,0,1),(34,2,1,1,0,'2016-10-29 15:07:39','2016-10-29 15:07:39',0,0,1),(35,2,2,1,0,'2016-10-29 15:07:39','2016-10-29 15:07:39',0,0,1),(36,2,3,1,0,'2016-10-29 15:07:39','2016-10-29 15:07:39',0,0,1),(37,2,4,1,0,'2016-10-29 15:07:39','2016-10-29 15:07:39',0,0,1),(38,2,5,1,0,'2016-10-29 15:07:39','2016-10-29 15:07:39',0,0,1),(39,2,31,1,0,'2016-10-29 15:07:39','2016-10-29 15:07:39',0,0,1),(40,2,32,1,0,'2016-10-29 15:07:39','2016-10-29 15:07:39',0,0,1),(41,2,33,1,0,'2016-10-29 15:07:39','2016-10-29 15:07:39',0,0,1),(42,2,6,1,0,'2016-10-29 15:07:39','2016-10-29 15:07:39',0,0,1),(43,2,7,1,0,'2016-10-29 15:07:39','2016-10-29 15:07:39',0,0,1),(44,2,8,1,0,'2016-10-29 15:07:39','2016-10-29 15:07:39',0,0,1),(45,2,9,1,0,'2016-10-29 15:07:39','2016-10-29 15:07:39',0,0,1),(46,2,10,1,0,'2016-10-29 15:07:39','2016-10-29 15:07:39',0,0,1),(47,2,11,1,0,'2016-10-29 15:07:39','2016-10-29 15:07:39',0,0,1),(48,2,12,1,0,'2016-10-29 15:07:39','2016-10-29 15:07:39',0,0,1),(49,2,13,1,0,'2016-10-29 15:07:39','2016-10-29 15:07:39',0,0,1),(50,2,14,1,0,'2016-10-29 15:07:39','2016-10-29 15:07:39',0,0,1),(51,2,15,1,0,'2016-10-29 15:07:39','2016-10-29 15:07:39',0,0,1),(52,2,16,1,0,'2016-10-29 15:07:39','2016-10-29 15:07:39',0,0,1),(53,2,17,1,0,'2016-10-29 15:07:39','2016-10-29 15:07:39',0,0,1),(54,2,18,1,0,'2016-10-29 15:07:39','2016-10-29 15:07:39',0,0,1),(55,2,19,1,0,'2016-10-29 15:07:39','2016-10-29 15:07:39',0,0,1),(56,2,20,1,0,'2016-10-29 15:07:39','2016-10-29 15:07:39',0,0,1),(57,2,21,1,0,'2016-10-29 15:07:39','2016-10-29 15:07:39',0,0,1),(58,2,22,1,0,'2016-10-29 15:07:39','2016-10-29 15:07:39',0,0,1),(59,2,23,1,0,'2016-10-29 15:07:39','2016-10-29 15:07:39',0,0,1),(60,2,24,1,0,'2016-10-29 15:07:39','2016-10-29 15:07:39',0,0,1),(61,2,25,1,0,'2016-10-29 15:07:39','2016-10-29 15:07:39',0,0,1),(62,2,26,1,0,'2016-10-29 15:07:39','2016-10-29 15:07:39',0,0,1),(63,2,27,1,0,'2016-10-29 15:07:39','2016-10-29 15:07:39',0,0,1),(64,2,28,1,0,'2016-10-29 15:07:39','2016-10-29 15:07:39',0,0,1),(65,2,29,1,0,'2016-10-29 15:07:39','2016-10-29 15:07:39',0,0,1),(66,2,30,1,0,'2016-10-29 15:07:39','2016-10-29 15:07:39',0,0,1);

UNLOCK TABLES;

/*Data for the table `sys_user_role_organization` */

LOCK TABLES `sys_user_role_organization` WRITE;

insert  into `sys_user_role_organization`(`id`,`sys_user_id`,`sys_role_organization_id`,`rank`,`create_time`,`update_time`,`create_by`,`update_by`,`status`,`is_final`) values (1,1,2,0,'2016-10-29 15:06:05','2016-10-29 15:06:05',0,0,1,1),(2,2,6,0,'2016-10-29 15:07:39','2016-10-29 15:07:39',0,0,1,1);

UNLOCK TABLES;

/*!40101 SET SQL_MODE=@OLD_SQL_MODE */;
/*!40014 SET FOREIGN_KEY_CHECKS=@OLD_FOREIGN_KEY_CHECKS */;
/*!40014 SET UNIQUE_CHECKS=@OLD_UNIQUE_CHECKS */;
/*!40111 SET SQL_NOTES=@OLD_SQL_NOTES */;
